{
  "7:299:17": 1767060646.3221967,
  "7:320:17": 1767060666.917802,
  "7:363:17": 1767060692.8682516,
  "7:384:17": 1767060715.3224936
}