{
  "7:2:17": 1764357017.156801,
  "7:10:17": 1764357067.2211092,
  "7:19:17": 1764357126.2596984,
  "7:113:17": 1764357241.7418046,
  "7:469:17": 1764357371.2604902,
  "7:82:17": 1764361512.0240133,
  "7:166:17": 1764361631.8415918,
  "7:238:17": 1764364006.361001,
  "7:282:17": 1764364087.9083097,
  "7:367:17": 1764364253.8726618,
  "7:70:17": 1764364356.245029,
  "7:301:17": 1764364539.6230636
}