{
  "7:250:17": 1765544548.8949096,
  "7:406:17": 1765544564.96947,
  "7:224:17": 1765546893.236305,
  "7:342:17": 1765546976.0831304,
  "7:392:17": 1765547053.9475553,
  "7:423:17": 1765547128.6651702,
  "7:106:17": 1765550740.2440245,
  "7:266:17": 1765550811.9440813,
  "7:471:17": 1765550897.9247284,
  "7:488:17": 1765550971.0764196
}