{
  "7:41:17": 1764584266.5221555,
  "7:60:17": 1764584293.243151,
  "7:392:17": 1764584476.9811354
}