{
  "7:257:17": 1764634820.328139,
  "7:366:17": 1764634887.8578255,
  "7:13:17": 1764635129.8695507,
  "7:18:17": 1764635149.2793107
}