{
  "7:247-267:17": 1764634820.3320065,
  "7:347-367:17": 1764634864.8185513,
  "7:12-32:17": 1764635119.443021,
  "7:13-33:17": 1764635137.9185643,
  "7:113-133:17": 1764635155.1101766
}