{
  "7:94-114:17": 1765550725.4514153,
  "7:255-275:17": 1765550797.8710835,
  "7:453-473:17": 1765550882.4465854,
  "7:479-499:17": 1765550956.2121928
}