{
  "7:288-308:17": 1767060646.3221967,
  "7:312-332:17": 1767060666.918806,
  "7:350-370:17": 1767060692.869315,
  "7:376-396:17": 1767060715.3235135
}