{
  "7:342-362:17": 1765927683.426947,
  "7:437-457:17": 1765928734.0371702,
  "7:118-138:17": 1765930299.245836,
  "7:136-156:17": 1765930372.2039466
}